dataset,model,method,retention_ratio,seed,ndcg@5,mrr,recall@1,recall@5,recall@10,retrieval_ms_per_query,index_size_mb,tokens_per_page,benchmark_comparable,source
mteb/VidoreArxivQARetrieval,vidore/colSmol-500M,kmeans,0.125,42,0.7180831598971568,0.7103721772796092,0.646,0.782,0.836,22.129462346434593,13.345947265625,109.33,True,artifacts/results/compression/arxivqa_colsmol500m_kmeans_r0125.json
mteb/VidoreArxivQARetrieval,vidore/colSmol-500M,kmeans,0.25,42,0.7252646004580879,0.7152462001887308,0.648,0.79,0.834,22.97972510010004,26.73974609375,219.052,True,artifacts/results/compression/arxivqa_colsmol500m_kmeans_r0250.json
mteb/VidoreArxivQARetrieval,vidore/colSmol-500M,kmeans,0.5,42,0.734096115802007,0.7266567091310033,0.662,0.796,0.862,23.353265618905425,53.518798828125,438.426,True,artifacts/results/compression/arxivqa_colsmol500m_kmeans_r0500.json
mteb/VidoreArxivQARetrieval,vidore/colSmol-500M,kmeans,0.75,42,0.7448899522775246,0.7346275936914418,0.67,0.81,0.86,22.31354409083724,80.281982421875,657.67,True,artifacts/results/compression/arxivqa_colsmol500m_kmeans_r0750.json
mteb/VidoreArxivQARetrieval,vidore/colSmol-500M,mean_pool,0.125,42,0.6613687652182187,0.6553904003272358,0.584,0.726,0.786,22.160993453115225,13.345947265625,109.33,True,artifacts/results/compression/arxivqa_colsmol500m_mean_pool_r0125.json
mteb/VidoreArxivQARetrieval,vidore/colSmol-500M,mean_pool,0.25,42,0.709803753732937,0.6991133311955658,0.63,0.776,0.812,22.236505903303623,26.73974609375,219.052,True,artifacts/results/compression/arxivqa_colsmol500m_mean_pool_r0250.json
mteb/VidoreArxivQARetrieval,vidore/colSmol-500M,mean_pool,0.5,42,0.7400213706059119,0.7318719520547887,0.674,0.8,0.848,22.270545771345496,53.518798828125,438.426,True,artifacts/results/compression/arxivqa_colsmol500m_mean_pool_r0500.json
mteb/VidoreArxivQARetrieval,vidore/colSmol-500M,mean_pool,0.75,42,0.7444955391951129,0.7342627895851105,0.67,0.808,0.852,22.25428807735443,80.281982421875,657.67,True,artifacts/results/compression/arxivqa_colsmol500m_mean_pool_r0750.json
mteb/VidoreArxivQARetrieval,vidore/colSmol-500M,none,1.0,42,0.7465523181756636,0.7359473122727911,0.67,0.812,0.858,22.429882373660803,107.021728515625,876.722,True,artifacts/results/compression/arxivqa_colsmol500m_none_r1000.json
mteb/VidoreArxivQARetrieval,vidore/colSmol-500M,random,0.125,40,0.6620806815414431,0.6514492588537891,0.58,0.734,0.778,22.398691797629,13.345947265625,109.33,True,artifacts/results/compression/arxivqa_colsmol500m_random_r0125_seed40.json
mteb/VidoreArxivQARetrieval,vidore/colSmol-500M,random,0.125,41,0.6456873501066455,0.637883096376178,0.57,0.714,0.768,22.154947325587273,13.345947265625,109.33,True,artifacts/results/compression/arxivqa_colsmol500m_random_r0125_seed41.json
mteb/VidoreArxivQARetrieval,vidore/colSmol-500M,random,0.125,42,0.6564172326454137,0.6509744339291589,0.584,0.72,0.782,22.132818922400475,13.345947265625,109.33,True,artifacts/results/compression/arxivqa_colsmol500m_random_r0125_seed42.json
mteb/VidoreArxivQARetrieval,vidore/colSmol-500M,random,0.25,40,0.6956270633717581,0.6888030020509643,0.616,0.76,0.828,22.500695273280144,26.73974609375,219.052,True,artifacts/results/compression/arxivqa_colsmol500m_random_r0250_seed40.json
mteb/VidoreArxivQARetrieval,vidore/colSmol-500M,random,0.25,41,0.6928521689111408,0.6877380537407003,0.626,0.752,0.806,22.29145872965455,26.73974609375,219.052,True,artifacts/results/compression/arxivqa_colsmol500m_random_r0250_seed41.json
mteb/VidoreArxivQARetrieval,vidore/colSmol-500M,random,0.25,42,0.7027584281008787,0.6898105061616696,0.626,0.774,0.804,22.279637837782502,26.73974609375,219.052,True,artifacts/results/compression/arxivqa_colsmol500m_random_r0250_seed42.json
mteb/VidoreArxivQARetrieval,vidore/colSmol-500M,random,0.5,40,0.7282017281689527,0.7181533935196123,0.652,0.794,0.844,22.30966922454536,53.518798828125,438.426,True,artifacts/results/compression/arxivqa_colsmol500m_random_r0500_seed40.json
mteb/VidoreArxivQARetrieval,vidore/colSmol-500M,random,0.5,41,0.7158640418181007,0.7111044307115,0.65,0.772,0.83,22.343988183885813,53.518798828125,438.426,True,artifacts/results/compression/arxivqa_colsmol500m_random_r0500_seed41.json
mteb/VidoreArxivQARetrieval,vidore/colSmol-500M,random,0.5,42,0.7161435538305783,0.7069425475866561,0.638,0.782,0.83,22.145881647244096,53.518798828125,438.426,True,artifacts/results/compression/arxivqa_colsmol500m_random_r0500_seed42.json
mteb/VidoreArxivQARetrieval,vidore/colSmol-500M,random,0.75,40,0.7361507287867772,0.7280133994079052,0.666,0.796,0.834,22.248734820634127,80.281982421875,657.67,True,artifacts/results/compression/arxivqa_colsmol500m_random_r0750_seed40.json
mteb/VidoreArxivQARetrieval,vidore/colSmol-500M,random,0.75,41,0.739381667523802,0.728208916657909,0.664,0.806,0.848,22.18056619912386,80.281982421875,657.67,True,artifacts/results/compression/arxivqa_colsmol500m_random_r0750_seed41.json
mteb/VidoreArxivQARetrieval,vidore/colSmol-500M,random,0.75,42,0.7320214228549031,0.7190032906136944,0.65,0.806,0.858,22.134806402027607,80.281982421875,657.67,True,artifacts/results/compression/arxivqa_colsmol500m_random_r0750_seed42.json
mteb/VidoreArxivQARetrieval,vidore/colSmol-500M,uniform,0.125,42,0.6627796419598171,0.6566401739647738,0.59,0.73,0.798,22.054757012054324,13.345947265625,109.33,True,artifacts/results/compression/arxivqa_colsmol500m_uniform_r0125.json
mteb/VidoreArxivQARetrieval,vidore/colSmol-500M,uniform,0.25,42,0.7059136980914436,0.6955759491327452,0.624,0.774,0.824,22.14999228157103,26.73974609375,219.052,True,artifacts/results/compression/arxivqa_colsmol500m_uniform_r0250.json
mteb/VidoreArxivQARetrieval,vidore/colSmol-500M,uniform,0.5,42,0.7358306949412602,0.7248900709296572,0.658,0.802,0.844,22.16054634936154,53.518798828125,438.426,True,artifacts/results/compression/arxivqa_colsmol500m_uniform_r0500.json
mteb/VidoreArxivQARetrieval,vidore/colSmol-500M,uniform,0.75,42,0.7425688354341171,0.7328932269736479,0.668,0.806,0.858,22.143893687054515,80.281982421875,657.67,True,artifacts/results/compression/arxivqa_colsmol500m_uniform_r0750.json
mteb/VidoreDocVQARetrieval,vidore/colSmol-500M,kmeans,0.125,42,0.5420278943873763,0.5343487632154326,0.43614190687361415,0.6243163340724316,0.6963784183296379,15.79135799668977,16.12548828125,132.1,True,artifacts/results/compression/docvqa_colsmol500m_kmeans_r0125.json
mteb/VidoreDocVQARetrieval,vidore/colSmol-500M,kmeans,0.25,42,0.5657699712371447,0.5557256169489863,0.4730229120473023,0.6453806356245382,0.7055062823355507,15.475668246442753,32.361083984375,265.102,True,artifacts/results/compression/docvqa_colsmol500m_kmeans_r0250.json
mteb/VidoreDocVQARetrieval,vidore/colSmol-500M,kmeans,0.5,42,0.5743664941598834,0.5678780980186986,0.48558758314855877,0.6460458240946046,0.7097560975609757,15.540494880909534,64.731689453125,530.282,True,artifacts/results/compression/docvqa_colsmol500m_kmeans_r0500.json
mteb/VidoreDocVQARetrieval,vidore/colSmol-500M,kmeans,0.75,42,0.582152496980073,0.5760555292676987,0.49889135254988914,0.6542498152254251,0.7169623059866962,15.508395446229008,96.99462890625,794.58,True,artifacts/results/compression/docvqa_colsmol500m_kmeans_r0750.json
mteb/VidoreDocVQARetrieval,vidore/colSmol-500M,mean_pool,0.125,42,0.5299622712634586,0.5204994599320045,0.4198078344419807,0.617960088691796,0.6713229859571322,15.394542614068266,16.12548828125,132.1,True,artifacts/results/compression/docvqa_colsmol500m_mean_pool_r0125.json
mteb/VidoreDocVQARetrieval,vidore/colSmol-500M,mean_pool,0.25,42,0.5522496652858221,0.5496669997536286,0.4618255728011825,0.6270140428677013,0.7077974870657797,15.45619585256024,32.361083984375,265.102,True,artifacts/results/compression/docvqa_colsmol500m_mean_pool_r0250.json
mteb/VidoreDocVQARetrieval,vidore/colSmol-500M,mean_pool,0.5,42,0.5744675907382535,0.5688362254520815,0.4844789356984479,0.6490022172949004,0.7121581670362158,15.509122102924039,64.731689453125,530.282,True,artifacts/results/compression/docvqa_colsmol500m_mean_pool_r0500.json
mteb/VidoreDocVQARetrieval,vidore/colSmol-500M,mean_pool,0.75,42,0.5767047471849268,0.5733017796506746,0.5,0.6431633407243165,0.7166666666666666,15.816637461472245,96.99462890625,794.58,True,artifacts/results/compression/docvqa_colsmol500m_mean_pool_r0750.json
mteb/VidoreDocVQARetrieval,vidore/colSmol-500M,none,1.0,42,0.5775680015969376,0.5761888255123787,0.499630450849963,0.642719881744272,0.7151884700665188,15.85788666962454,129.355712890625,1059.682,True,artifacts/results/compression/docvqa_colsmol500m_none_r1000.json
mteb/VidoreDocVQARetrieval,vidore/colSmol-500M,random,0.125,40,0.48669716296333176,0.47939963874387215,0.38913525498891355,0.5692535107169254,0.6342572062084256,15.511192596143735,16.12548828125,132.1,True,artifacts/results/compression/docvqa_colsmol500m_random_r0125_seed40.json
mteb/VidoreDocVQARetrieval,vidore/colSmol-500M,random,0.125,41,0.47924173850697055,0.4657943364255468,0.36807095343680707,0.5784922394678492,0.6677014042867702,15.332221922912778,16.12548828125,132.1,True,artifacts/results/compression/docvqa_colsmol500m_random_r0125_seed41.json
mteb/VidoreDocVQARetrieval,vidore/colSmol-500M,random,0.125,42,0.4805484665451951,0.47783429995333787,0.3902439024390244,0.555949741315595,0.6314855875831484,15.388681431468205,16.12548828125,132.1,True,artifacts/results/compression/docvqa_colsmol500m_random_r0125_seed42.json
mteb/VidoreDocVQARetrieval,vidore/colSmol-500M,random,0.25,40,0.5455085587769168,0.5411208014515652,0.4663710273466371,0.614338507021434,0.6776053215077605,15.66186173511318,32.361083984375,265.102,True,artifacts/results/compression/docvqa_colsmol500m_random_r0250_seed40.json
mteb/VidoreDocVQARetrieval,vidore/colSmol-500M,random,0.25,41,0.5248190796993285,0.5147518444725944,0.43015521064301554,0.609090909090909,0.6716925351071693,15.459120734088833,32.361083984375,265.102,True,artifacts/results/compression/docvqa_colsmol500m_random_r0250_seed41.json
mteb/VidoreDocVQARetrieval,vidore/colSmol-500M,random,0.25,42,0.524272734272902,0.5147083660426556,0.42904656319290463,0.6077974870657797,0.6748337028824835,15.448461212383009,32.361083984375,265.102,True,artifacts/results/compression/docvqa_colsmol500m_random_r0250_seed42.json
mteb/VidoreDocVQARetrieval,vidore/colSmol-500M,random,0.5,40,0.5736032442522364,0.5674087076417611,0.4830007390983001,0.6471544715447155,0.6946045824094605,15.428531605196898,64.731689453125,530.282,True,artifacts/results/compression/docvqa_colsmol500m_random_r0500_seed40.json
mteb/VidoreDocVQARetrieval,vidore/colSmol-500M,random,0.5,41,0.5536150526668795,0.5445870071380223,0.4575018477457502,0.6376201034737621,0.7064301552106431,15.476380716472402,64.731689453125,530.282,True,artifacts/results/compression/docvqa_colsmol500m_random_r0500_seed41.json
mteb/VidoreDocVQARetrieval,vidore/colSmol-500M,random,0.5,42,0.5679115302742702,0.5551165594011831,0.46674057649667405,0.6499260901699926,0.6981152993348115,15.437461698051964,64.731689453125,530.282,True,artifacts/results/compression/docvqa_colsmol500m_random_r0500_seed42.json
mteb/VidoreDocVQARetrieval,vidore/colSmol-500M,random,0.75,40,0.5695297753699237,0.5639714523374969,0.47597930524759796,0.6487065779748707,0.7150406504065041,15.765279837101367,96.99462890625,794.58,True,artifacts/results/compression/docvqa_colsmol500m_random_r0750_seed40.json
mteb/VidoreDocVQARetrieval,vidore/colSmol-500M,random,0.75,41,0.5661750068096921,0.5609459924224067,0.47524020694752406,0.6376201034737621,0.7053215077605322,15.761852249949179,96.99462890625,794.58,True,artifacts/results/compression/docvqa_colsmol500m_random_r0750_seed41.json
mteb/VidoreDocVQARetrieval,vidore/colSmol-500M,random,0.75,42,0.5745578644100932,0.5648515952108055,0.4866962305986696,0.6535476718403548,0.7080931263858092,15.725841753994281,96.99462890625,794.58,True,artifacts/results/compression/docvqa_colsmol500m_random_r0750_seed42.json
mteb/VidoreDocVQARetrieval,vidore/colSmol-500M,uniform,0.125,42,0.5178733850394464,0.5145978578271864,0.41378418329637845,0.5975240206947524,0.6634515890613453,15.356133981068885,16.12548828125,132.1,True,artifacts/results/compression/docvqa_colsmol500m_uniform_r0125.json
mteb/VidoreDocVQARetrieval,vidore/colSmol-500M,uniform,0.25,42,0.5580789762521163,0.5542415204963674,0.4730229120473023,0.6286770140428677,0.6947893569844789,15.435056857962962,32.361083984375,265.102,True,artifacts/results/compression/docvqa_colsmol500m_uniform_r0250.json
mteb/VidoreDocVQARetrieval,vidore/colSmol-500M,uniform,0.5,42,0.5724886438309879,0.5643102280405415,0.47671840354767187,0.6498152254249816,0.7059497413155948,15.436117295712695,64.731689453125,530.282,True,artifacts/results/compression/docvqa_colsmol500m_uniform_r0500.json
mteb/VidoreDocVQARetrieval,vidore/colSmol-500M,uniform,0.75,42,0.5698481502298293,0.5691609653279122,0.49223946784922396,0.6342941611234295,0.7136363636363635,15.767079592164102,96.99462890625,794.58,True,artifacts/results/compression/docvqa_colsmol500m_uniform_r0750.json
mteb/VidoreInfoVQARetrieval,vidore/colSmol-500M,kmeans,0.125,42,0.8340526134998324,0.8190761521723863,0.757085020242915,0.8947368421052632,0.9153846153846154,22.431666097464227,10.84033203125,88.804,True,artifacts/results/compression/infovqa_colsmol500m_kmeans_r0125.json
mteb/VidoreInfoVQARetrieval,vidore/colSmol-500M,kmeans,0.25,42,0.8457207666175052,0.8362745919707659,0.7894736842105263,0.8937246963562753,0.9251012145748988,23.454743445010077,21.789794921875,178.502,True,artifacts/results/compression/infovqa_colsmol500m_kmeans_r0250.json
mteb/VidoreInfoVQARetrieval,vidore/colSmol-500M,kmeans,0.5,42,0.8548356632439563,0.8493002750796336,0.805668016194332,0.8937246963562753,0.9336032388663967,22.20902191512739,43.592041015625,357.106,True,artifacts/results/compression/infovqa_colsmol500m_kmeans_r0500.json
mteb/VidoreInfoVQARetrieval,vidore/colSmol-500M,kmeans,0.75,42,0.8658021091052004,0.8588293475252102,0.8178137651821862,0.9058704453441295,0.9392712550607287,22.05804636634072,65.28564453125,534.82,True,artifacts/results/compression/infovqa_colsmol500m_kmeans_r0750.json
mteb/VidoreInfoVQARetrieval,vidore/colSmol-500M,mean_pool,0.125,42,0.8022783672719298,0.7967415660746461,0.7378542510121457,0.8546558704453441,0.9153846153846154,22.538263737205188,10.84033203125,88.804,True,artifacts/results/compression/infovqa_colsmol500m_mean_pool_r0125.json
mteb/VidoreInfoVQARetrieval,vidore/colSmol-500M,mean_pool,0.25,42,0.8392351519448863,0.8300137403435812,0.7793522267206477,0.888663967611336,0.9194331983805668,22.13903127600126,21.789794921875,178.502,True,artifacts/results/compression/infovqa_colsmol500m_mean_pool_r0250.json
mteb/VidoreInfoVQARetrieval,vidore/colSmol-500M,mean_pool,0.5,42,0.8584584986667088,0.8487706670861181,0.805668016194332,0.9048582995951417,0.9315789473684211,22.06427937464012,43.592041015625,357.106,True,artifacts/results/compression/infovqa_colsmol500m_mean_pool_r0500.json
mteb/VidoreInfoVQARetrieval,vidore/colSmol-500M,mean_pool,0.75,42,0.8629159347574122,0.8573290004504066,0.8178137651821862,0.8987854251012146,0.9291497975708503,22.806713316091884,65.28564453125,534.82,True,artifacts/results/compression/infovqa_colsmol500m_mean_pool_r0750.json
mteb/VidoreInfoVQARetrieval,vidore/colSmol-500M,none,1.0,42,0.8686021351931527,0.8622086057402678,0.8238866396761133,0.9048582995951417,0.9271255060728745,22.191653765270463,87.075439453125,713.322,True,artifacts/results/compression/infovqa_colsmol500m_none_r1000.json
mteb/VidoreInfoVQARetrieval,vidore/colSmol-500M,random,0.125,40,0.7682180769564229,0.7549317082536874,0.6811740890688259,0.840080971659919,0.8947368421052632,22.41548682423497,10.84033203125,88.804,True,artifacts/results/compression/infovqa_colsmol500m_random_r0125_seed40.json
mteb/VidoreInfoVQARetrieval,vidore/colSmol-500M,random,0.125,41,0.7811624267922239,0.7644066946176127,0.6882591093117408,0.8582995951417004,0.9068825910931174,22.44734585187153,10.84033203125,88.804,True,artifacts/results/compression/infovqa_colsmol500m_random_r0125_seed41.json
mteb/VidoreInfoVQARetrieval,vidore/colSmol-500M,random,0.125,42,0.7605983821361736,0.745832400880533,0.6700404858299596,0.8350202429149798,0.8785425101214575,22.414725692377157,10.84033203125,88.804,True,artifacts/results/compression/infovqa_colsmol500m_random_r0125_seed42.json
mteb/VidoreInfoVQARetrieval,vidore/colSmol-500M,random,0.25,40,0.819781950012723,0.8064251196258068,0.7419028340080972,0.8836032388663968,0.9194331983805668,22.159500605603945,21.789794921875,178.502,True,artifacts/results/compression/infovqa_colsmol500m_random_r0250_seed40.json
mteb/VidoreInfoVQARetrieval,vidore/colSmol-500M,random,0.25,41,0.815048854985758,0.7977160875176658,0.7267206477732794,0.8846153846153846,0.9068825910931174,21.938827633480674,21.789794921875,178.502,True,artifacts/results/compression/infovqa_colsmol500m_random_r0250_seed41.json
mteb/VidoreInfoVQARetrieval,vidore/colSmol-500M,random,0.25,42,0.7970927090712431,0.7823130164257841,0.708502024291498,0.8663967611336032,0.9048582995951417,21.9989302247642,21.789794921875,178.502,True,artifacts/results/compression/infovqa_colsmol500m_random_r0250_seed42.json
mteb/VidoreInfoVQARetrieval,vidore/colSmol-500M,random,0.5,40,0.84224580691305,0.8330245987653798,0.7803643724696356,0.8917004048582996,0.9210526315789473,22.05944297880477,43.592041015625,357.106,True,artifacts/results/compression/infovqa_colsmol500m_random_r0500_seed40.json
mteb/VidoreInfoVQARetrieval,vidore/colSmol-500M,random,0.5,41,0.8355901374855689,0.8239266344181327,0.7692307692307693,0.8906882591093117,0.9210526315789473,22.006860281895047,43.592041015625,357.106,True,artifacts/results/compression/infovqa_colsmol500m_random_r0500_seed41.json
mteb/VidoreInfoVQARetrieval,vidore/colSmol-500M,random,0.5,42,0.8367384706639505,0.8256626907292423,0.7692307692307693,0.890080971659919,0.9133603238866397,22.016710835520314,43.592041015625,357.106,True,artifacts/results/compression/infovqa_colsmol500m_random_r0500_seed42.json
mteb/VidoreInfoVQARetrieval,vidore/colSmol-500M,random,0.75,40,0.8475834337164283,0.8433155554654278,0.7975708502024291,0.8846153846153846,0.9295546558704453,22.066064095991827,65.28564453125,534.82,True,artifacts/results/compression/infovqa_colsmol500m_random_r0750_seed40.json
mteb/VidoreInfoVQARetrieval,vidore/colSmol-500M,random,0.75,41,0.8547367906401422,0.850268514851383,0.805668016194332,0.8906882591093117,0.9275303643724696,22.030574245084274,65.28564453125,534.82,True,artifacts/results/compression/infovqa_colsmol500m_random_r0750_seed41.json
mteb/VidoreInfoVQARetrieval,vidore/colSmol-500M,random,0.75,42,0.8558090196073871,0.8482479093003408,0.8016194331983806,0.8977732793522267,0.9295546558704453,21.96390009089279,65.28564453125,534.82,True,artifacts/results/compression/infovqa_colsmol500m_random_r0750_seed42.json
mteb/VidoreInfoVQARetrieval,vidore/colSmol-500M,uniform,0.125,42,0.7895024558832144,0.7777389972941997,0.7105263157894737,0.8546558704453441,0.8951417004048583,22.44532510434628,10.84033203125,88.804,True,artifacts/results/compression/infovqa_colsmol500m_uniform_r0125.json
mteb/VidoreInfoVQARetrieval,vidore/colSmol-500M,uniform,0.25,42,0.8341956119543122,0.8238299036985768,0.7753036437246964,0.8846153846153846,0.9089068825910931,21.96932954691079,21.789794921875,178.502,True,artifacts/results/compression/infovqa_colsmol500m_uniform_r0250.json
mteb/VidoreInfoVQARetrieval,vidore/colSmol-500M,uniform,0.5,42,0.859745722605017,0.8529784167757556,0.8117408906882592,0.8987854251012146,0.9352226720647774,22.006416793249034,43.592041015625,357.106,True,artifacts/results/compression/infovqa_colsmol500m_uniform_r0500.json
mteb/VidoreInfoVQARetrieval,vidore/colSmol-500M,uniform,0.75,42,0.8644768572632762,0.85755375715548,0.8157894736842105,0.902834008097166,0.9311740890688259,21.9936305487355,65.28564453125,534.82,True,artifacts/results/compression/infovqa_colsmol500m_uniform_r0750.json
mteb/VidoreTatdqaRetrieval,vidore/colSmol-500M,kmeans,0.125,42,0.6991144205654473,0.6721992063042665,0.5561968408262454,0.8223572296476306,0.8910085054678006,11.865292189762739,9.02294921875,133.42238267148014,True,artifacts/results/compression/tatdqa_colsmol500m_kmeans_r0125.json
mteb/VidoreTatdqaRetrieval,vidore/colSmol-500M,kmeans,0.25,42,0.7300587756947935,0.704787867735925,0.5978128797083839,0.8456865127582017,0.9128189550425273,11.942828872454955,18.111328125,267.81227436823104,True,artifacts/results/compression/tatdqa_colsmol500m_kmeans_r0250.json
mteb/VidoreTatdqaRetrieval,vidore/colSmol-500M,kmeans,0.5,42,0.7522170027988327,0.727520566491055,0.6248481166464156,0.861239368165249,0.9250911300121507,11.983953505179608,36.224853515625,535.6570397111914,True,artifacts/results/compression/tatdqa_colsmol500m_kmeans_r0500.json
mteb/VidoreTatdqaRetrieval,vidore/colSmol-500M,kmeans,0.75,42,0.7616479508390255,0.7341879981344459,0.6345686512758202,0.8757594167679222,0.9298298906439855,12.048858160748264,54.27294921875,802.5342960288808,True,artifacts/results/compression/tatdqa_colsmol500m_kmeans_r0750.json
mteb/VidoreTatdqaRetrieval,vidore/colSmol-500M,mean_pool,0.125,42,0.6299280506403867,0.6105799225704904,0.4948359659781288,0.7478736330498177,0.8514580801944107,11.880385605131762,9.02294921875,133.42238267148014,True,artifacts/results/compression/tatdqa_colsmol500m_mean_pool_r0125.json
mteb/VidoreTatdqaRetrieval,vidore/colSmol-500M,mean_pool,0.25,42,0.6966259213693969,0.6721504434406079,0.5656136087484812,0.8153098420413123,0.8912515188335358,12.020068883642391,18.111328125,267.81227436823104,True,artifacts/results/compression/tatdqa_colsmol500m_mean_pool_r0250.json
mteb/VidoreTatdqaRetrieval,vidore/colSmol-500M,mean_pool,0.5,42,0.7372768348257442,0.7134058713437447,0.6072296476306197,0.8487241798298907,0.9219319562575942,11.986915245063757,36.224853515625,535.6570397111914,True,artifacts/results/compression/tatdqa_colsmol500m_mean_pool_r0500.json
mteb/VidoreTatdqaRetrieval,vidore/colSmol-500M,mean_pool,0.75,42,0.7505773281004392,0.728023446416648,0.6257594167679222,0.8561360874848117,0.9275212636695018,11.998359261042147,54.27294921875,802.5342960288808,True,artifacts/results/compression/tatdqa_colsmol500m_mean_pool_r0750.json
mteb/VidoreTatdqaRetrieval,vidore/colSmol-500M,none,1.0,42,0.7648036910061331,0.7394260982687212,0.6412515188335358,0.8736938031591737,0.9369380315917376,11.996449403609642,72.38427734375,1070.346570397112,True,artifacts/results/compression/tatdqa_colsmol500m_none_r1000.json
mteb/VidoreTatdqaRetrieval,vidore/colSmol-500M,random,0.125,40,0.5966666385216651,0.5784104056083553,0.4632442284325638,0.7120291616038882,0.8080194410692588,11.913859583595869,9.02294921875,133.42238267148014,True,artifacts/results/compression/tatdqa_colsmol500m_random_r0125_seed40.json
mteb/VidoreTatdqaRetrieval,vidore/colSmol-500M,random,0.125,41,0.5959671711045753,0.5761008251891919,0.462636695018226,0.7144592952612394,0.8065613608748481,11.853843480959661,9.02294921875,133.42238267148014,True,artifacts/results/compression/tatdqa_colsmol500m_random_r0125_seed41.json
mteb/VidoreTatdqaRetrieval,vidore/colSmol-500M,random,0.125,42,0.5950561786286819,0.5752105294912,0.46026731470230864,0.7108748481166464,0.7889428918590522,11.856690147056506,9.02294921875,133.42238267148014,True,artifacts/results/compression/tatdqa_colsmol500m_random_r0125_seed42.json
mteb/VidoreTatdqaRetrieval,vidore/colSmol-500M,random,0.25,40,0.6517627593668204,0.6278477638693325,0.5082017010935601,0.7746051032806804,0.8648238153098421,11.944600401326271,18.111328125,267.81227436823104,True,artifacts/results/compression/tatdqa_colsmol500m_random_r0250_seed40.json
mteb/VidoreTatdqaRetrieval,vidore/colSmol-500M,random,0.25,41,0.6641117921396938,0.6431519892554897,0.5331105710814095,0.7755771567436208,0.8497569866342649,11.943175207895939,18.111328125,267.81227436823104,True,artifacts/results/compression/tatdqa_colsmol500m_random_r0250_seed41.json
mteb/VidoreTatdqaRetrieval,vidore/colSmol-500M,random,0.25,42,0.6649717667211021,0.6412792567923963,0.5264277035236938,0.7846901579586877,0.8622114216281895,11.980930938501984,18.111328125,267.81227436823104,True,artifacts/results/compression/tatdqa_colsmol500m_random_r0250_seed42.json
mteb/VidoreTatdqaRetrieval,vidore/colSmol-500M,random,0.5,40,0.7102559832434712,0.6818565093682699,0.5662211421628189,0.8348116646415552,0.9040704738760631,11.961494946460785,36.224853515625,535.6570397111914,True,artifacts/results/compression/tatdqa_colsmol500m_random_r0500_seed40.json
mteb/VidoreTatdqaRetrieval,vidore/colSmol-500M,random,0.5,41,0.7155292044114581,0.6946364894160171,0.5899149453219927,0.8226609963547995,0.9035236938031592,11.940409786397204,36.224853515625,535.6570397111914,True,artifacts/results/compression/tatdqa_colsmol500m_random_r0500_seed41.json
mteb/VidoreTatdqaRetrieval,vidore/colSmol-500M,random,0.5,42,0.7219425322696635,0.6946915721735125,0.5835358444714459,0.8423450789793439,0.9065006075334143,11.943072514588133,36.224853515625,535.6570397111914,True,artifacts/results/compression/tatdqa_colsmol500m_random_r0500_seed42.json
mteb/VidoreTatdqaRetrieval,vidore/colSmol-500M,random,0.75,40,0.7412151221096236,0.7169547724422317,0.6123936816524909,0.85273390036452,0.9183475091130011,12.019049581072382,54.27294921875,802.5342960288808,True,artifacts/results/compression/tatdqa_colsmol500m_random_r0750_seed40.json
mteb/VidoreTatdqaRetrieval,vidore/colSmol-500M,random,0.75,41,0.7379550496092666,0.711113865388867,0.6026731470230863,0.8551032806804374,0.9199270959902794,11.951854209758496,54.27294921875,802.5342960288808,True,artifacts/results/compression/tatdqa_colsmol500m_random_r0750_seed41.json
mteb/VidoreTatdqaRetrieval,vidore/colSmol-500M,random,0.75,42,0.741581719323371,0.714629949483358,0.6072296476306197,0.8596597812879708,0.928311057108141,12.020135515642195,54.27294921875,802.5342960288808,True,artifacts/results/compression/tatdqa_colsmol500m_random_r0750_seed42.json
mteb/VidoreTatdqaRetrieval,vidore/colSmol-500M,uniform,0.125,42,0.6060162244305798,0.5869377271189318,0.47083839611178613,0.724179829890644,0.8262454434993924,11.833940650181413,9.02294921875,133.42238267148014,True,artifacts/results/compression/tatdqa_colsmol500m_uniform_r0125.json
mteb/VidoreTatdqaRetrieval,vidore/colSmol-500M,uniform,0.25,42,0.7085991577069627,0.6842318134221825,0.5814094775212637,0.8221142162818955,0.8880315917375456,11.96790017800933,18.111328125,267.81227436823104,True,artifacts/results/compression/tatdqa_colsmol500m_uniform_r0250.json
mteb/VidoreTatdqaRetrieval,vidore/colSmol-500M,uniform,0.5,42,0.7499206630907093,0.7271529156478961,0.6284933171324423,0.8560145808019441,0.9250303766707169,11.954464116229937,36.224853515625,535.6570397111914,True,artifacts/results/compression/tatdqa_colsmol500m_uniform_r0500.json
mteb/VidoreTatdqaRetrieval,vidore/colSmol-500M,uniform,0.75,42,0.756064451739585,0.7325856913691623,0.6333535844471446,0.8623936816524909,0.9283718104495746,11.925635967439861,54.27294921875,802.5342960288808,True,artifacts/results/compression/tatdqa_colsmol500m_uniform_r0750.json
