dataset,model,method,retention_ratio,runs,ndcg@5_mean,ndcg@5_std,mrr_mean,retrieval_ms_per_query_mean,index_size_mb_mean,tokens_per_page_mean
mteb/VidoreArxivQARetrieval,vidore/colSmol-500M,kmeans,0.125,1,0.7180831598971568,0.0,0.7103721772796092,22.129462346434593,13.345947265625,109.33
mteb/VidoreArxivQARetrieval,vidore/colSmol-500M,kmeans,0.25,1,0.7252646004580879,0.0,0.7152462001887308,22.97972510010004,26.73974609375,219.052
mteb/VidoreArxivQARetrieval,vidore/colSmol-500M,kmeans,0.5,1,0.734096115802007,0.0,0.7266567091310033,23.353265618905425,53.518798828125,438.426
mteb/VidoreArxivQARetrieval,vidore/colSmol-500M,kmeans,0.75,1,0.7448899522775246,0.0,0.7346275936914418,22.31354409083724,80.281982421875,657.67
mteb/VidoreArxivQARetrieval,vidore/colSmol-500M,mean_pool,0.125,1,0.6613687652182187,0.0,0.6553904003272358,22.160993453115225,13.345947265625,109.33
mteb/VidoreArxivQARetrieval,vidore/colSmol-500M,mean_pool,0.25,1,0.709803753732937,0.0,0.6991133311955658,22.236505903303623,26.73974609375,219.052
mteb/VidoreArxivQARetrieval,vidore/colSmol-500M,mean_pool,0.5,1,0.7400213706059119,0.0,0.7318719520547887,22.270545771345496,53.518798828125,438.426
mteb/VidoreArxivQARetrieval,vidore/colSmol-500M,mean_pool,0.75,1,0.7444955391951129,0.0,0.7342627895851105,22.25428807735443,80.281982421875,657.67
mteb/VidoreArxivQARetrieval,vidore/colSmol-500M,none,1.0,1,0.7465523181756636,0.0,0.7359473122727911,22.429882373660803,107.021728515625,876.722
mteb/VidoreArxivQARetrieval,vidore/colSmol-500M,random,0.125,3,0.6547284214311674,0.008326127033069088,0.6467689297197087,22.228819348538917,13.345947265625,109.33
mteb/VidoreArxivQARetrieval,vidore/colSmol-500M,random,0.25,3,0.6970792201279259,0.005110289836881061,0.6887838539844447,22.357263946905732,26.73974609375,219.052
mteb/VidoreArxivQARetrieval,vidore/colSmol-500M,random,0.5,3,0.7200697746058772,0.007043864940875258,0.7120667906059228,22.266513018558424,53.518798828125,438.426
mteb/VidoreArxivQARetrieval,vidore/colSmol-500M,random,0.75,3,0.7358512730551607,0.00368924866306297,0.7250752022265029,22.188035807261866,80.281982421875,657.67
mteb/VidoreArxivQARetrieval,vidore/colSmol-500M,uniform,0.125,1,0.6627796419598171,0.0,0.6566401739647738,22.054757012054324,13.345947265625,109.33
mteb/VidoreArxivQARetrieval,vidore/colSmol-500M,uniform,0.25,1,0.7059136980914436,0.0,0.6955759491327452,22.14999228157103,26.73974609375,219.052
mteb/VidoreArxivQARetrieval,vidore/colSmol-500M,uniform,0.5,1,0.7358306949412602,0.0,0.7248900709296572,22.16054634936154,53.518798828125,438.426
mteb/VidoreArxivQARetrieval,vidore/colSmol-500M,uniform,0.75,1,0.7425688354341171,0.0,0.7328932269736479,22.143893687054515,80.281982421875,657.67
mteb/VidoreDocVQARetrieval,vidore/colSmol-500M,kmeans,0.125,1,0.5420278943873763,0.0,0.5343487632154326,15.79135799668977,16.12548828125,132.1
mteb/VidoreDocVQARetrieval,vidore/colSmol-500M,kmeans,0.25,1,0.5657699712371447,0.0,0.5557256169489863,15.475668246442753,32.361083984375,265.102
mteb/VidoreDocVQARetrieval,vidore/colSmol-500M,kmeans,0.5,1,0.5743664941598834,0.0,0.5678780980186986,15.540494880909534,64.731689453125,530.282
mteb/VidoreDocVQARetrieval,vidore/colSmol-500M,kmeans,0.75,1,0.582152496980073,0.0,0.5760555292676987,15.508395446229008,96.99462890625,794.58
mteb/VidoreDocVQARetrieval,vidore/colSmol-500M,mean_pool,0.125,1,0.5299622712634586,0.0,0.5204994599320045,15.394542614068266,16.12548828125,132.1
mteb/VidoreDocVQARetrieval,vidore/colSmol-500M,mean_pool,0.25,1,0.5522496652858221,0.0,0.5496669997536286,15.45619585256024,32.361083984375,265.102
mteb/VidoreDocVQARetrieval,vidore/colSmol-500M,mean_pool,0.5,1,0.5744675907382535,0.0,0.5688362254520815,15.509122102924039,64.731689453125,530.282
mteb/VidoreDocVQARetrieval,vidore/colSmol-500M,mean_pool,0.75,1,0.5767047471849268,0.0,0.5733017796506746,15.816637461472245,96.99462890625,794.58
mteb/VidoreDocVQARetrieval,vidore/colSmol-500M,none,1.0,1,0.5775680015969376,0.0,0.5761888255123787,15.85788666962454,129.355712890625,1059.682
mteb/VidoreDocVQARetrieval,vidore/colSmol-500M,random,0.125,3,0.48216245600516583,0.003981150579769571,0.47434275837425227,15.410698650174906,16.12548828125,132.1
mteb/VidoreDocVQARetrieval,vidore/colSmol-500M,random,0.25,3,0.5315334575830492,0.012105875159003444,0.5235270039889384,15.523147893861674,32.361083984375,265.102
mteb/VidoreDocVQARetrieval,vidore/colSmol-500M,random,0.5,3,0.5650432757311287,0.010298160700164967,0.5557040913936555,15.447458006573754,64.731689453125,530.282
mteb/VidoreDocVQARetrieval,vidore/colSmol-500M,random,0.75,3,0.5700875488632363,0.004219171582139315,0.563256346656903,15.750991280348275,96.99462890625,794.58
mteb/VidoreDocVQARetrieval,vidore/colSmol-500M,uniform,0.125,1,0.5178733850394464,0.0,0.5145978578271864,15.356133981068885,16.12548828125,132.1
mteb/VidoreDocVQARetrieval,vidore/colSmol-500M,uniform,0.25,1,0.5580789762521163,0.0,0.5542415204963674,15.435056857962962,32.361083984375,265.102
mteb/VidoreDocVQARetrieval,vidore/colSmol-500M,uniform,0.5,1,0.5724886438309879,0.0,0.5643102280405415,15.436117295712695,64.731689453125,530.282
mteb/VidoreDocVQARetrieval,vidore/colSmol-500M,uniform,0.75,1,0.5698481502298293,0.0,0.5691609653279122,15.767079592164102,96.99462890625,794.58
mteb/VidoreInfoVQARetrieval,vidore/colSmol-500M,kmeans,0.125,1,0.8340526134998324,0.0,0.8190761521723863,22.431666097464227,10.84033203125,88.804
mteb/VidoreInfoVQARetrieval,vidore/colSmol-500M,kmeans,0.25,1,0.8457207666175052,0.0,0.8362745919707659,23.454743445010077,21.789794921875,178.502
mteb/VidoreInfoVQARetrieval,vidore/colSmol-500M,kmeans,0.5,1,0.8548356632439563,0.0,0.8493002750796336,22.20902191512739,43.592041015625,357.106
mteb/VidoreInfoVQARetrieval,vidore/colSmol-500M,kmeans,0.75,1,0.8658021091052004,0.0,0.8588293475252102,22.05804636634072,65.28564453125,534.82
mteb/VidoreInfoVQARetrieval,vidore/colSmol-500M,mean_pool,0.125,1,0.8022783672719298,0.0,0.7967415660746461,22.538263737205188,10.84033203125,88.804
mteb/VidoreInfoVQARetrieval,vidore/colSmol-500M,mean_pool,0.25,1,0.8392351519448863,0.0,0.8300137403435812,22.13903127600126,21.789794921875,178.502
mteb/VidoreInfoVQARetrieval,vidore/colSmol-500M,mean_pool,0.5,1,0.8584584986667088,0.0,0.8487706670861181,22.06427937464012,43.592041015625,357.106
mteb/VidoreInfoVQARetrieval,vidore/colSmol-500M,mean_pool,0.75,1,0.8629159347574122,0.0,0.8573290004504066,22.806713316091884,65.28564453125,534.82
mteb/VidoreInfoVQARetrieval,vidore/colSmol-500M,none,1.0,1,0.8686021351931527,0.0,0.8622086057402678,22.191653765270463,87.075439453125,713.322
mteb/VidoreInfoVQARetrieval,vidore/colSmol-500M,random,0.125,3,0.7699929619616068,0.010396280380031509,0.7550569345839444,22.425852789494552,10.84033203125,88.804
mteb/VidoreInfoVQARetrieval,vidore/colSmol-500M,random,0.25,3,0.8106411713565747,0.011969593554350965,0.7954847411897522,22.032419487949607,21.789794921875,178.502
mteb/VidoreInfoVQARetrieval,vidore/colSmol-500M,random,0.5,3,0.8381914716875231,0.0035577932574636668,0.8275379746375849,22.02767136540671,43.592041015625,357.106
mteb/VidoreInfoVQARetrieval,vidore/colSmol-500M,random,0.75,3,0.8527097479879858,0.00447177171237875,0.8472773265390505,22.020179477322962,65.28564453125,534.82
mteb/VidoreInfoVQARetrieval,vidore/colSmol-500M,uniform,0.125,1,0.7895024558832144,0.0,0.7777389972941997,22.44532510434628,10.84033203125,88.804
mteb/VidoreInfoVQARetrieval,vidore/colSmol-500M,uniform,0.25,1,0.8341956119543122,0.0,0.8238299036985768,21.96932954691079,21.789794921875,178.502
mteb/VidoreInfoVQARetrieval,vidore/colSmol-500M,uniform,0.5,1,0.859745722605017,0.0,0.8529784167757556,22.006416793249034,43.592041015625,357.106
mteb/VidoreInfoVQARetrieval,vidore/colSmol-500M,uniform,0.75,1,0.8644768572632762,0.0,0.85755375715548,21.9936305487355,65.28564453125,534.82
mteb/VidoreTatdqaRetrieval,vidore/colSmol-500M,kmeans,0.125,1,0.6991144205654473,0.0,0.6721992063042665,11.865292189762739,9.02294921875,133.42238267148014
mteb/VidoreTatdqaRetrieval,vidore/colSmol-500M,kmeans,0.25,1,0.7300587756947935,0.0,0.704787867735925,11.942828872454955,18.111328125,267.81227436823104
mteb/VidoreTatdqaRetrieval,vidore/colSmol-500M,kmeans,0.5,1,0.7522170027988327,0.0,0.727520566491055,11.983953505179608,36.224853515625,535.6570397111914
mteb/VidoreTatdqaRetrieval,vidore/colSmol-500M,kmeans,0.75,1,0.7616479508390255,0.0,0.7341879981344459,12.048858160748264,54.27294921875,802.5342960288808
mteb/VidoreTatdqaRetrieval,vidore/colSmol-500M,mean_pool,0.125,1,0.6299280506403867,0.0,0.6105799225704904,11.880385605131762,9.02294921875,133.42238267148014
mteb/VidoreTatdqaRetrieval,vidore/colSmol-500M,mean_pool,0.25,1,0.6966259213693969,0.0,0.6721504434406079,12.020068883642391,18.111328125,267.81227436823104
mteb/VidoreTatdqaRetrieval,vidore/colSmol-500M,mean_pool,0.5,1,0.7372768348257442,0.0,0.7134058713437447,11.986915245063757,36.224853515625,535.6570397111914
mteb/VidoreTatdqaRetrieval,vidore/colSmol-500M,mean_pool,0.75,1,0.7505773281004392,0.0,0.728023446416648,11.998359261042147,54.27294921875,802.5342960288808
mteb/VidoreTatdqaRetrieval,vidore/colSmol-500M,none,1.0,1,0.7648036910061331,0.0,0.7394260982687212,11.996449403609642,72.38427734375,1070.346570397112
mteb/VidoreTatdqaRetrieval,vidore/colSmol-500M,random,0.125,3,0.5958966627516408,0.0008075418488239867,0.5765739200962491,11.874797737204013,9.02294921875,133.42238267148014
mteb/VidoreTatdqaRetrieval,vidore/colSmol-500M,random,0.25,3,0.6602821060758721,0.0073904898573734735,0.6374263366390728,11.956235515908064,18.111328125,267.81227436823104
mteb/VidoreTatdqaRetrieval,vidore/colSmol-500M,random,0.5,3,0.7159092399748642,0.005852535972336229,0.6903948569859332,11.948325749148708,36.224853515625,535.6570397111914
mteb/VidoreTatdqaRetrieval,vidore/colSmol-500M,random,0.75,3,0.7402506303474204,0.001996463516651105,0.7142328624381522,11.997013102157691,54.27294921875,802.5342960288808
mteb/VidoreTatdqaRetrieval,vidore/colSmol-500M,uniform,0.125,1,0.6060162244305798,0.0,0.5869377271189318,11.833940650181413,9.02294921875,133.42238267148014
mteb/VidoreTatdqaRetrieval,vidore/colSmol-500M,uniform,0.25,1,0.7085991577069627,0.0,0.6842318134221825,11.96790017800933,18.111328125,267.81227436823104
mteb/VidoreTatdqaRetrieval,vidore/colSmol-500M,uniform,0.5,1,0.7499206630907093,0.0,0.7271529156478961,11.954464116229937,36.224853515625,535.6570397111914
mteb/VidoreTatdqaRetrieval,vidore/colSmol-500M,uniform,0.75,1,0.756064451739585,0.0,0.7325856913691623,11.925635967439861,54.27294921875,802.5342960288808
