dataset,query_id,query,maxsim_relevant_rank,global_relevant_rank,relevant_ids,retrieved_top_ids,category,notes
mteb/VidoreDocVQARetrieval,query-test-35,What are the letters in the monogram logo at the top right of the document?,447,497,corpus-test-36,corpus-test-496 corpus-test-220 corpus-test-444 corpus-test-372 corpus-test-439,requires_manual_review,
mteb/VidoreDocVQARetrieval,query-test-193,What number written at the bottom right end of the page?,447,319,corpus-test-205,corpus-test-175 corpus-test-245 corpus-test-439 corpus-test-385 corpus-test-418,requires_manual_review,
mteb/VidoreDocVQARetrieval,query-test-387,What is the document about?,445,470,corpus-test-426,corpus-test-245 corpus-test-385 corpus-test-175 corpus-test-418 corpus-test-482,requires_manual_review,
mteb/VidoreDocVQARetrieval,query-test-179,What date is given on the top of the document?,431,310,corpus-test-190,corpus-test-245 corpus-test-385 corpus-test-175 corpus-test-418 corpus-test-482,requires_manual_review,
mteb/VidoreInfoVQARetrieval,query-test-26,What is the value of High-Density Lipoproteins listed in the infographic?,423,150,corpus-test-26,corpus-test-70 corpus-test-274 corpus-test-243 corpus-test-199 corpus-test-87,requires_manual_review,
mteb/VidoreDocVQARetrieval,query-test-394,what is the heading mentioned in the given page ?,415,339,corpus-test-436,corpus-test-245 corpus-test-175 corpus-test-418 corpus-test-385 corpus-test-405,requires_manual_review,
mteb/VidoreDocVQARetrieval,query-test-442,What is the date mentioned at the bottom of the page?,394,39,corpus-test-489,corpus-test-245 corpus-test-385 corpus-test-418 corpus-test-175 corpus-test-474,requires_manual_review,
mteb/VidoreDocVQARetrieval,query-test-117,What is the text printed on the bottom right corner of the page?,390,430,corpus-test-122 corpus-test-420,corpus-test-245 corpus-test-175 corpus-test-418 corpus-test-385 corpus-test-317,requires_manual_review,
mteb/VidoreDocVQARetrieval,query-test-222,What is the title of the document?,387,397,corpus-test-234,corpus-test-245 corpus-test-175 corpus-test-385 corpus-test-152 corpus-test-405,requires_manual_review,
mteb/VidoreArxivQARetrieval,query-test-8,What does the figure primarily illustrate?,385,286,corpus-test-8,corpus-test-360 corpus-test-429 corpus-test-298 corpus-test-442 corpus-test-31,requires_manual_review,
mteb/VidoreDocVQARetrieval,query-test-106,What is written at the bottom right end of the ‘page’?,360,118,corpus-test-111,corpus-test-245 corpus-test-385 corpus-test-418 corpus-test-175 corpus-test-405,requires_manual_review,
mteb/VidoreDocVQARetrieval,query-test-262,What is written in the top right of the document ?,354,247,corpus-test-277,corpus-test-245 corpus-test-385 corpus-test-175 corpus-test-418 corpus-test-482,requires_manual_review,
mteb/VidoreDocVQARetrieval,query-test-253,What type of communication is it?,350,196,corpus-test-267,corpus-test-304 corpus-test-292 corpus-test-126 corpus-test-360 corpus-test-22,requires_manual_review,
mteb/VidoreDocVQARetrieval,query-test-397,what is the heading of the page ?,347,349,corpus-test-440,corpus-test-245 corpus-test-175 corpus-test-385 corpus-test-418 corpus-test-317,requires_manual_review,
mteb/VidoreDocVQARetrieval,query-test-306,What is written in top of the document ?,344,64,corpus-test-327,corpus-test-245 corpus-test-385 corpus-test-175 corpus-test-418 corpus-test-482,requires_manual_review,
mteb/VidoreInfoVQARetrieval,query-test-283,What is written on the image of the calendar ?,339,262,corpus-test-286,corpus-test-9 corpus-test-367 corpus-test-202 corpus-test-466 corpus-test-155,requires_manual_review,
mteb/VidoreDocVQARetrieval,query-test-154,What is the date at the top right corner of the page?,333,266,corpus-test-160,corpus-test-245 corpus-test-385 corpus-test-175 corpus-test-418 corpus-test-482,requires_manual_review,
mteb/VidoreDocVQARetrieval,query-test-420,What is title given at the top of the page?,313,332,corpus-test-467,corpus-test-245 corpus-test-175 corpus-test-385 corpus-test-418 corpus-test-405,requires_manual_review,
mteb/VidoreDocVQARetrieval,query-test-284,What is the name of the country mentioned at the top of the page?,275,233,corpus-test-303,corpus-test-245 corpus-test-385 corpus-test-175 corpus-test-35 corpus-test-418,requires_manual_review,
mteb/VidoreInfoVQARetrieval,query-test-135,What is the email address provided?,267,241,corpus-test-135,corpus-test-16 corpus-test-285 corpus-test-99 corpus-test-0 corpus-test-13,requires_manual_review,
mteb/VidoreTatdqaRetrieval,query-test-470,What was the effective interest rate of the liability component? ,253,206,corpus-test-78,corpus-test-60 corpus-test-128 corpus-test-212 corpus-test-89 corpus-test-226,requires_manual_review,
mteb/VidoreDocVQARetrieval,query-test-255,What is the title of the article?,248,219,corpus-test-270,corpus-test-198 corpus-test-156 corpus-test-95 corpus-test-359 corpus-test-213,requires_manual_review,
mteb/VidoreDocVQARetrieval,query-test-310,What is the Title of the document ?,241,293,corpus-test-333,corpus-test-245 corpus-test-175 corpus-test-385 corpus-test-418 corpus-test-21,requires_manual_review,
mteb/VidoreTatdqaRetrieval,query-test-1104,What was the average net income attributable to noncontrolling interest for 2017-2019?,238,136,corpus-test-185,corpus-test-206 corpus-test-144 corpus-test-196 corpus-test-209 corpus-test-25,requires_manual_review,
mteb/VidoreDocVQARetrieval,query-test-378,What is written at the top right end of the page?,235,207,corpus-test-412,corpus-test-245 corpus-test-175 corpus-test-385 corpus-test-418 corpus-test-405,requires_manual_review,
mteb/VidoreDocVQARetrieval,query-test-143,What is the underlined text on the top right corner of the page?,223,42,corpus-test-148,corpus-test-245 corpus-test-175 corpus-test-418 corpus-test-385 corpus-test-405,requires_manual_review,
mteb/VidoreDocVQARetrieval,query-test-254,What is the name of the company mentioned at the top of the table?,219,486,corpus-test-268,corpus-test-385 corpus-test-245 corpus-test-175 corpus-test-439 corpus-test-482,requires_manual_review,
mteb/VidoreTatdqaRetrieval,query-test-569,What does the table provide data for?,218,168,corpus-test-95,corpus-test-224 corpus-test-187 corpus-test-92 corpus-test-232 corpus-test-139,requires_manual_review,
mteb/VidoreArxivQARetrieval,query-test-246,Which graph indicates a secondary data inset within the primary graph?,215,324,corpus-test-246,corpus-test-57 corpus-test-182 corpus-test-14 corpus-test-432 corpus-test-374,requires_manual_review,
mteb/VidoreDocVQARetrieval,query-test-425,What is the last line on the page?,215,120,corpus-test-472,corpus-test-245 corpus-test-175 corpus-test-385 corpus-test-418 corpus-test-439,requires_manual_review,
