dataset,method,model,ndcg@5,mrr,recall@1,recall@5,recall@10,retrieval_ms_per_query,index_size_mb,benchmark_comparable,source
mteb/VidoreArxivQARetrieval,global_visual,vidore/colSmol-256M,0.1829182874933941,0.18686497092093982,0.104,0.26,0.354,0.08884633518755436,0.1220703125,True,artifacts/results/visual/arxivqa_colsmol256m.json
mteb/VidoreArxivQARetrieval,maxsim,vidore/colSmol-256M,0.7243687129692282,0.7231518111670842,0.664,0.774,0.848,16.48737559095025,107.021728515625,True,artifacts/results/visual/arxivqa_colsmol256m.json
mteb/VidoreArxivQARetrieval,global_visual,vidore/colSmol-500M,0.25272761182874204,0.2537572549321698,0.164,0.334,0.416,0.08357231691479683,0.1220703125,True,artifacts/results/visual/arxivqa_colsmol500m.json
mteb/VidoreArxivQARetrieval,maxsim,vidore/colSmol-500M,0.7465523181756636,0.7359473122727911,0.67,0.812,0.858,22.71631332859397,107.021728515625,True,artifacts/results/visual/arxivqa_colsmol500m.json
mteb/VidoreDocVQARetrieval,global_visual,vidore/colSmol-256M,0.16581779374217154,0.16809915097055975,0.09312638580931264,0.2335550628233555,0.30606060606060603,0.08202136851467208,0.1220703125,True,artifacts/results/visual/docvqa_colsmol256m.json
mteb/VidoreDocVQARetrieval,maxsim,vidore/colSmol-256M,0.5557004373788567,0.5453414349566188,0.4556541019955654,0.6397634885439762,0.6991130820399113,22.261828723097192,129.355712890625,True,artifacts/results/visual/docvqa_colsmol256m.json
mteb/VidoreDocVQARetrieval,global_visual,vidore/colSmol-500M,0.19141911783747023,0.19531625642693484,0.1130820399113082,0.2583148558758315,0.3186252771618625,0.08533239166382411,0.1220703125,True,artifacts/results/visual/docvqa_colsmol500m.json
mteb/VidoreDocVQARetrieval,maxsim,vidore/colSmol-500M,0.5775680015969376,0.5761888255123787,0.499630450849963,0.642719881744272,0.7151884700665188,16.060539252824768,129.355712890625,True,artifacts/results/visual/docvqa_colsmol500m.json
mteb/VidoreInfoVQARetrieval,global_visual,vidore/colSmol-256M,0.45351360838810245,0.4448830318153082,0.3269230769230769,0.5637651821862348,0.6862348178137652,0.08859477658201809,0.1220703125,True,artifacts/results/visual/infovqa_colsmol256m.json
mteb/VidoreInfoVQARetrieval,maxsim,vidore/colSmol-256M,0.8363049050200992,0.829638152425238,0.7763157894736842,0.8805668016194332,0.9230769230769231,23.33187808844483,87.075439453125,True,artifacts/results/visual/infovqa_colsmol256m.json
mteb/VidoreInfoVQARetrieval,global_visual,vidore/colSmol-500M,0.5545133484356061,0.5383047674913948,0.4271255060728745,0.667004048582996,0.7611336032388664,0.08077831064098277,0.1220703125,True,artifacts/results/visual/infovqa_colsmol500m.json
mteb/VidoreInfoVQARetrieval,maxsim,vidore/colSmol-500M,0.8686021351931527,0.8622086057402678,0.8238866396761133,0.9048582995951417,0.9271255060728745,16.683956708095455,87.075439453125,True,artifacts/results/visual/infovqa_colsmol500m.json
mteb/VidoreTatdqaRetrieval,global_visual,vidore/colSmol-256M,0.21260390187813713,0.21842964879070606,0.12484811664641556,0.29465370595382745,0.40856622114216284,0.03140439411776903,0.067626953125,True,artifacts/results/visual/tatdqa_colsmol256m.json
mteb/VidoreTatdqaRetrieval,maxsim,vidore/colSmol-256M,0.7565479972813872,0.7357501955010546,0.6385176184690158,0.8569866342648845,0.9229040097205345,9.156074642542102,72.38427734375,True,artifacts/results/visual/tatdqa_colsmol256m.json
mteb/VidoreTatdqaRetrieval,global_visual,vidore/colSmol-500M,0.28377202492837855,0.27952159275144545,0.17466585662211423,0.39185905224787365,0.5191373025516404,0.031631921994005344,0.067626953125,True,artifacts/results/visual/tatdqa_colsmol500m.json
mteb/VidoreTatdqaRetrieval,maxsim,vidore/colSmol-500M,0.7648036910061331,0.7394260982687212,0.6412515188335358,0.8736938031591737,0.9369380315917376,9.049709848403243,72.38427734375,True,artifacts/results/visual/tatdqa_colsmol500m.json
mteb/VidoreArxivQARetrieval,bm25,Okapi BM25,0.18512796147276553,0.19166856717316977,0.148,0.22,0.262,3.506683172658086,,True,artifacts/results/text/arxivqa_bgesmallenv15.json
mteb/VidoreArxivQARetrieval,dense_text,BAAI/bge-small-en-v1.5,0.3225687295858586,0.3197878654819508,0.274,0.368,0.404,0.06565533764660358,0.732421875,True,artifacts/results/text/arxivqa_bgesmallenv15.json
mteb/VidoreDocVQARetrieval,bm25,Okapi BM25,0.34766285011172793,0.351563825113158,0.30376940133037694,0.38599408721359935,0.4266444937176645,2.204294014978171,,True,artifacts/results/text/docvqa_bgesmallenv15.json
mteb/VidoreDocVQARetrieval,dense_text,BAAI/bge-small-en-v1.5,0.27120061554505837,0.2783657771985955,0.2175720620842572,0.31365484109386543,0.3689948263118995,0.11894423845007256,0.732421875,True,artifacts/results/text/docvqa_bgesmallenv15.json
mteb/VidoreInfoVQARetrieval,bm25,Okapi BM25,0.6091501500538177,0.5959825559863114,0.52834008097166,0.6821862348178138,0.729757085020243,2.800693978679928,,True,artifacts/results/text/infovqa_bgesmallenv15.json
mteb/VidoreInfoVQARetrieval,dense_text,BAAI/bge-small-en-v1.5,0.6849288771378885,0.6741497360129638,0.5955465587044534,0.7615384615384615,0.8161943319838056,0.08560907706497652,0.732421875,True,artifacts/results/text/infovqa_bgesmallenv15.json
mteb/VidoreTatdqaRetrieval,bm25,Okapi BM25,0.5743745003349616,0.5514230014072564,0.42770352369380316,0.7035236938031592,0.7937424058323208,1.860937619081643,,True,artifacts/results/text/tatdqa_bgesmallenv15.json
mteb/VidoreTatdqaRetrieval,dense_text,BAAI/bge-small-en-v1.5,0.31355599276807267,0.31426913947277224,0.22600243013365734,0.39185905224787365,0.47539489671931956,0.05062396851971401,0.40576171875,True,artifacts/results/text/tatdqa_bgesmallenv15.json
